--------------------------------------------------------
--  Fichier créé - lundi-avril-06-2026   
--------------------------------------------------------
--------------------------------------------------------
--  DDL for Table GLOBAL_SETTINGS
--------------------------------------------------------

  CREATE TABLE "SMARTSTOCK"."GLOBAL_SETTINGS" 
   (	"SETTING_KEY" VARCHAR2(50 CHAR), 
	"DESCRIPTION" VARCHAR2(255 CHAR), 
	"SETTING_VALUE" VARCHAR2(255 CHAR)
   ) SEGMENT CREATION IMMEDIATE 
  PCTFREE 10 PCTUSED 40 INITRANS 1 MAXTRANS 255 
 NOCOMPRESS LOGGING
  STORAGE(INITIAL 65536 NEXT 1048576 MINEXTENTS 1 MAXEXTENTS 2147483645
  PCTINCREASE 0 FREELISTS 1 FREELIST GROUPS 1
  BUFFER_POOL DEFAULT FLASH_CACHE DEFAULT CELL_FLASH_CACHE DEFAULT)
  TABLESPACE "USERS" ;
--------------------------------------------------------
--  DDL for Table PRODUCTS
--------------------------------------------------------

  CREATE TABLE "SMARTSTOCK"."PRODUCTS" 
   (	"ID" NUMBER(19,0) GENERATED ALWAYS AS IDENTITY MINVALUE 1 MAXVALUE 9999999999999999999999999999 INCREMENT BY 1 START WITH 1 CACHE 20 NOORDER  NOCYCLE  NOKEEP  NOSCALE , 
	"ALERT_THRESHOLD" NUMBER(10,0), 
	"LABEL" VARCHAR2(100 CHAR), 
	"LAST_UPDATED" TIMESTAMP (6), 
	"STOCK_QUANTITY" NUMBER(10,0), 
	"UNIT_PRICE" NUMBER(10,2), 
	"SUPPLIER_ID" NUMBER(19,0)
   ) SEGMENT CREATION IMMEDIATE 
  PCTFREE 10 PCTUSED 40 INITRANS 1 MAXTRANS 255 
 NOCOMPRESS LOGGING
  STORAGE(INITIAL 65536 NEXT 1048576 MINEXTENTS 1 MAXEXTENTS 2147483645
  PCTINCREASE 0 FREELISTS 1 FREELIST GROUPS 1
  BUFFER_POOL DEFAULT FLASH_CACHE DEFAULT CELL_FLASH_CACHE DEFAULT)
  TABLESPACE "USERS" ;
--------------------------------------------------------
--  DDL for Table SUPPLIERS
--------------------------------------------------------

  CREATE TABLE "SMARTSTOCK"."SUPPLIERS" 
   (	"ID" NUMBER(19,0) GENERATED ALWAYS AS IDENTITY MINVALUE 1 MAXVALUE 9999999999999999999999999999 INCREMENT BY 1 START WITH 1 CACHE 20 NOORDER  NOCYCLE  NOKEEP  NOSCALE , 
	"ADDRESS" VARCHAR2(255 CHAR), 
	"CATEGORY" VARCHAR2(255 CHAR), 
	"CREATED_AT" TIMESTAMP (6), 
	"EMAIL" VARCHAR2(255 CHAR), 
	"NAME" VARCHAR2(100 CHAR), 
	"UPDATED_AT" TIMESTAMP (6)
   ) SEGMENT CREATION IMMEDIATE 
  PCTFREE 10 PCTUSED 40 INITRANS 1 MAXTRANS 255 
 NOCOMPRESS LOGGING
  STORAGE(INITIAL 65536 NEXT 1048576 MINEXTENTS 1 MAXEXTENTS 2147483645
  PCTINCREASE 0 FREELISTS 1 FREELIST GROUPS 1
  BUFFER_POOL DEFAULT FLASH_CACHE DEFAULT CELL_FLASH_CACHE DEFAULT)
  TABLESPACE "USERS" ;
REM INSERTING into SMARTSTOCK.GLOBAL_SETTINGS
SET DEFINE OFF;
Insert into SMARTSTOCK.GLOBAL_SETTINGS (SETTING_KEY,DESCRIPTION,SETTING_VALUE) values ('company_name','The name of the company','SmartStock ERP Corp');
Insert into SMARTSTOCK.GLOBAL_SETTINGS (SETTING_KEY,DESCRIPTION,SETTING_VALUE) values ('currency','Base currency for all products','DH');
Insert into SMARTSTOCK.GLOBAL_SETTINGS (SETTING_KEY,DESCRIPTION,SETTING_VALUE) values ('quote_prefix','Prefix for product quotes (Devis)','QT-');
Insert into SMARTSTOCK.GLOBAL_SETTINGS (SETTING_KEY,DESCRIPTION,SETTING_VALUE) values ('quote_tax_rate','Default tax rate for quotes (%)','20');
Insert into SMARTSTOCK.GLOBAL_SETTINGS (SETTING_KEY,DESCRIPTION,SETTING_VALUE) values ('stock_alert_threshold_default','Default threshold for low stock alerts','10');
Insert into SMARTSTOCK.GLOBAL_SETTINGS (SETTING_KEY,DESCRIPTION,SETTING_VALUE) values ('theme_color','Primary brand color','#0b5e9e');
REM INSERTING into SMARTSTOCK.PRODUCTS
SET DEFINE OFF;
Insert into SMARTSTOCK.PRODUCTS (ID,ALERT_THRESHOLD,LABEL,LAST_UPDATED,STOCK_QUANTITY,UNIT_PRICE,SUPPLIER_ID) values ('21','4','Product 1',to_timestamp('01/04/26 13:51:07,000000000','DD/MM/RR HH24:MI:SSXFF'),'69','947,42','52');
Insert into SMARTSTOCK.PRODUCTS (ID,ALERT_THRESHOLD,LABEL,LAST_UPDATED,STOCK_QUANTITY,UNIT_PRICE,SUPPLIER_ID) values ('22','3','Product 2',to_timestamp('01/04/26 13:51:07,000000000','DD/MM/RR HH24:MI:SSXFF'),'48','573,84','40');
Insert into SMARTSTOCK.PRODUCTS (ID,ALERT_THRESHOLD,LABEL,LAST_UPDATED,STOCK_QUANTITY,UNIT_PRICE,SUPPLIER_ID) values ('23','5','Product 3',to_timestamp('01/04/26 13:51:07,000000000','DD/MM/RR HH24:MI:SSXFF'),'16','935,64','38');
Insert into SMARTSTOCK.PRODUCTS (ID,ALERT_THRESHOLD,LABEL,LAST_UPDATED,STOCK_QUANTITY,UNIT_PRICE,SUPPLIER_ID) values ('24','5','Product 4',to_timestamp('01/04/26 13:51:07,000000000','DD/MM/RR HH24:MI:SSXFF'),'28','211,26','31');
Insert into SMARTSTOCK.PRODUCTS (ID,ALERT_THRESHOLD,LABEL,LAST_UPDATED,STOCK_QUANTITY,UNIT_PRICE,SUPPLIER_ID) values ('25','8','Product 5',to_timestamp('01/04/26 13:51:07,000000000','DD/MM/RR HH24:MI:SSXFF'),'55','780,18','69');
Insert into SMARTSTOCK.PRODUCTS (ID,ALERT_THRESHOLD,LABEL,LAST_UPDATED,STOCK_QUANTITY,UNIT_PRICE,SUPPLIER_ID) values ('26','6','Product 6',to_timestamp('01/04/26 13:51:07,000000000','DD/MM/RR HH24:MI:SSXFF'),'46','86,18','24');
Insert into SMARTSTOCK.PRODUCTS (ID,ALERT_THRESHOLD,LABEL,LAST_UPDATED,STOCK_QUANTITY,UNIT_PRICE,SUPPLIER_ID) values ('27','3','Product 7',to_timestamp('01/04/26 13:51:07,000000000','DD/MM/RR HH24:MI:SSXFF'),'30','758,73','62');
Insert into SMARTSTOCK.PRODUCTS (ID,ALERT_THRESHOLD,LABEL,LAST_UPDATED,STOCK_QUANTITY,UNIT_PRICE,SUPPLIER_ID) values ('28','6','Product 8',to_timestamp('01/04/26 13:51:07,000000000','DD/MM/RR HH24:MI:SSXFF'),'46','609,79','38');
Insert into SMARTSTOCK.PRODUCTS (ID,ALERT_THRESHOLD,LABEL,LAST_UPDATED,STOCK_QUANTITY,UNIT_PRICE,SUPPLIER_ID) values ('29','2','Product 9',to_timestamp('01/04/26 13:51:07,000000000','DD/MM/RR HH24:MI:SSXFF'),'83','92,11','52');
Insert into SMARTSTOCK.PRODUCTS (ID,ALERT_THRESHOLD,LABEL,LAST_UPDATED,STOCK_QUANTITY,UNIT_PRICE,SUPPLIER_ID) values ('30','6','Product 10',to_timestamp('01/04/26 13:51:07,000000000','DD/MM/RR HH24:MI:SSXFF'),'57','590,63','61');
Insert into SMARTSTOCK.PRODUCTS (ID,ALERT_THRESHOLD,LABEL,LAST_UPDATED,STOCK_QUANTITY,UNIT_PRICE,SUPPLIER_ID) values ('31','6','Product 11',to_timestamp('01/04/26 13:51:07,000000000','DD/MM/RR HH24:MI:SSXFF'),'62','118,74','60');
Insert into SMARTSTOCK.PRODUCTS (ID,ALERT_THRESHOLD,LABEL,LAST_UPDATED,STOCK_QUANTITY,UNIT_PRICE,SUPPLIER_ID) values ('32','9','Product 12',to_timestamp('01/04/26 13:51:07,000000000','DD/MM/RR HH24:MI:SSXFF'),'58','192,83','59');
Insert into SMARTSTOCK.PRODUCTS (ID,ALERT_THRESHOLD,LABEL,LAST_UPDATED,STOCK_QUANTITY,UNIT_PRICE,SUPPLIER_ID) values ('33','9','Product 13',to_timestamp('01/04/26 13:51:07,000000000','DD/MM/RR HH24:MI:SSXFF'),'10','396,61','68');
Insert into SMARTSTOCK.PRODUCTS (ID,ALERT_THRESHOLD,LABEL,LAST_UPDATED,STOCK_QUANTITY,UNIT_PRICE,SUPPLIER_ID) values ('34','6','Product 14',to_timestamp('01/04/26 13:51:07,000000000','DD/MM/RR HH24:MI:SSXFF'),'85','361,2','49');
Insert into SMARTSTOCK.PRODUCTS (ID,ALERT_THRESHOLD,LABEL,LAST_UPDATED,STOCK_QUANTITY,UNIT_PRICE,SUPPLIER_ID) values ('35','9','Product 15',to_timestamp('01/04/26 13:51:07,000000000','DD/MM/RR HH24:MI:SSXFF'),'90','780,29','64');
Insert into SMARTSTOCK.PRODUCTS (ID,ALERT_THRESHOLD,LABEL,LAST_UPDATED,STOCK_QUANTITY,UNIT_PRICE,SUPPLIER_ID) values ('36','2','Product 16',to_timestamp('01/04/26 13:51:07,000000000','DD/MM/RR HH24:MI:SSXFF'),'92','661,02','50');
Insert into SMARTSTOCK.PRODUCTS (ID,ALERT_THRESHOLD,LABEL,LAST_UPDATED,STOCK_QUANTITY,UNIT_PRICE,SUPPLIER_ID) values ('37','3','Product 17',to_timestamp('01/04/26 13:51:07,000000000','DD/MM/RR HH24:MI:SSXFF'),'83','343,05','36');
Insert into SMARTSTOCK.PRODUCTS (ID,ALERT_THRESHOLD,LABEL,LAST_UPDATED,STOCK_QUANTITY,UNIT_PRICE,SUPPLIER_ID) values ('38','5','Product 18',to_timestamp('01/04/26 13:51:07,000000000','DD/MM/RR HH24:MI:SSXFF'),'23','413,78','55');
Insert into SMARTSTOCK.PRODUCTS (ID,ALERT_THRESHOLD,LABEL,LAST_UPDATED,STOCK_QUANTITY,UNIT_PRICE,SUPPLIER_ID) values ('39','1','Product 19',to_timestamp('01/04/26 13:51:07,000000000','DD/MM/RR HH24:MI:SSXFF'),'72','901,85','1');
Insert into SMARTSTOCK.PRODUCTS (ID,ALERT_THRESHOLD,LABEL,LAST_UPDATED,STOCK_QUANTITY,UNIT_PRICE,SUPPLIER_ID) values ('40','9','Product 20',to_timestamp('01/04/26 13:51:07,000000000','DD/MM/RR HH24:MI:SSXFF'),'97','680,25','35');
Insert into SMARTSTOCK.PRODUCTS (ID,ALERT_THRESHOLD,LABEL,LAST_UPDATED,STOCK_QUANTITY,UNIT_PRICE,SUPPLIER_ID) values ('41','2','Product 21',to_timestamp('01/04/26 13:51:07,000000000','DD/MM/RR HH24:MI:SSXFF'),'86','835,92','55');
Insert into SMARTSTOCK.PRODUCTS (ID,ALERT_THRESHOLD,LABEL,LAST_UPDATED,STOCK_QUANTITY,UNIT_PRICE,SUPPLIER_ID) values ('42','9','Product 22',to_timestamp('01/04/26 13:51:07,000000000','DD/MM/RR HH24:MI:SSXFF'),'41','225,3','60');
Insert into SMARTSTOCK.PRODUCTS (ID,ALERT_THRESHOLD,LABEL,LAST_UPDATED,STOCK_QUANTITY,UNIT_PRICE,SUPPLIER_ID) values ('43','4','Product 23',to_timestamp('01/04/26 13:51:07,000000000','DD/MM/RR HH24:MI:SSXFF'),'28','814,24','50');
Insert into SMARTSTOCK.PRODUCTS (ID,ALERT_THRESHOLD,LABEL,LAST_UPDATED,STOCK_QUANTITY,UNIT_PRICE,SUPPLIER_ID) values ('44','3','Product 24',to_timestamp('01/04/26 13:51:07,000000000','DD/MM/RR HH24:MI:SSXFF'),'64','273,96','65');
Insert into SMARTSTOCK.PRODUCTS (ID,ALERT_THRESHOLD,LABEL,LAST_UPDATED,STOCK_QUANTITY,UNIT_PRICE,SUPPLIER_ID) values ('45','7','Product 25',to_timestamp('01/04/26 13:51:07,000000000','DD/MM/RR HH24:MI:SSXFF'),'57','158,45','49');
Insert into SMARTSTOCK.PRODUCTS (ID,ALERT_THRESHOLD,LABEL,LAST_UPDATED,STOCK_QUANTITY,UNIT_PRICE,SUPPLIER_ID) values ('46','2','Product 26',to_timestamp('01/04/26 13:51:07,000000000','DD/MM/RR HH24:MI:SSXFF'),'70','523,32','56');
Insert into SMARTSTOCK.PRODUCTS (ID,ALERT_THRESHOLD,LABEL,LAST_UPDATED,STOCK_QUANTITY,UNIT_PRICE,SUPPLIER_ID) values ('47','6','Product 27',to_timestamp('01/04/26 13:51:07,000000000','DD/MM/RR HH24:MI:SSXFF'),'78','440,27','63');
Insert into SMARTSTOCK.PRODUCTS (ID,ALERT_THRESHOLD,LABEL,LAST_UPDATED,STOCK_QUANTITY,UNIT_PRICE,SUPPLIER_ID) values ('48','4','Product 28',to_timestamp('01/04/26 13:51:07,000000000','DD/MM/RR HH24:MI:SSXFF'),'66','773,28','64');
Insert into SMARTSTOCK.PRODUCTS (ID,ALERT_THRESHOLD,LABEL,LAST_UPDATED,STOCK_QUANTITY,UNIT_PRICE,SUPPLIER_ID) values ('49','1','Product 29',to_timestamp('01/04/26 13:51:07,000000000','DD/MM/RR HH24:MI:SSXFF'),'97','420,37','33');
Insert into SMARTSTOCK.PRODUCTS (ID,ALERT_THRESHOLD,LABEL,LAST_UPDATED,STOCK_QUANTITY,UNIT_PRICE,SUPPLIER_ID) values ('50','3','Product 30',to_timestamp('01/04/26 13:51:07,000000000','DD/MM/RR HH24:MI:SSXFF'),'32','827,85','22');
Insert into SMARTSTOCK.PRODUCTS (ID,ALERT_THRESHOLD,LABEL,LAST_UPDATED,STOCK_QUANTITY,UNIT_PRICE,SUPPLIER_ID) values ('51','8','Product 31',to_timestamp('01/04/26 13:51:07,000000000','DD/MM/RR HH24:MI:SSXFF'),'43','822,42','61');
Insert into SMARTSTOCK.PRODUCTS (ID,ALERT_THRESHOLD,LABEL,LAST_UPDATED,STOCK_QUANTITY,UNIT_PRICE,SUPPLIER_ID) values ('52','2','Product 32',to_timestamp('01/04/26 13:51:07,000000000','DD/MM/RR HH24:MI:SSXFF'),'25','168,99','40');
Insert into SMARTSTOCK.PRODUCTS (ID,ALERT_THRESHOLD,LABEL,LAST_UPDATED,STOCK_QUANTITY,UNIT_PRICE,SUPPLIER_ID) values ('53','4','Product 33',to_timestamp('01/04/26 13:51:07,000000000','DD/MM/RR HH24:MI:SSXFF'),'49','324,99','1');
Insert into SMARTSTOCK.PRODUCTS (ID,ALERT_THRESHOLD,LABEL,LAST_UPDATED,STOCK_QUANTITY,UNIT_PRICE,SUPPLIER_ID) values ('54','7','Product 34',to_timestamp('01/04/26 13:51:07,000000000','DD/MM/RR HH24:MI:SSXFF'),'44','510,56','50');
Insert into SMARTSTOCK.PRODUCTS (ID,ALERT_THRESHOLD,LABEL,LAST_UPDATED,STOCK_QUANTITY,UNIT_PRICE,SUPPLIER_ID) values ('55','5','Product 35',to_timestamp('01/04/26 13:51:07,000000000','DD/MM/RR HH24:MI:SSXFF'),'17','252,57','70');
Insert into SMARTSTOCK.PRODUCTS (ID,ALERT_THRESHOLD,LABEL,LAST_UPDATED,STOCK_QUANTITY,UNIT_PRICE,SUPPLIER_ID) values ('56','5','Product 36',to_timestamp('01/04/26 13:51:07,000000000','DD/MM/RR HH24:MI:SSXFF'),'52','611,16','60');
Insert into SMARTSTOCK.PRODUCTS (ID,ALERT_THRESHOLD,LABEL,LAST_UPDATED,STOCK_QUANTITY,UNIT_PRICE,SUPPLIER_ID) values ('57','9','Product 37',to_timestamp('01/04/26 13:51:07,000000000','DD/MM/RR HH24:MI:SSXFF'),'94','739,6','24');
Insert into SMARTSTOCK.PRODUCTS (ID,ALERT_THRESHOLD,LABEL,LAST_UPDATED,STOCK_QUANTITY,UNIT_PRICE,SUPPLIER_ID) values ('58','7','Product 38',to_timestamp('01/04/26 13:51:07,000000000','DD/MM/RR HH24:MI:SSXFF'),'23','108,3','36');
Insert into SMARTSTOCK.PRODUCTS (ID,ALERT_THRESHOLD,LABEL,LAST_UPDATED,STOCK_QUANTITY,UNIT_PRICE,SUPPLIER_ID) values ('59','7','Product 39',to_timestamp('01/04/26 13:51:07,000000000','DD/MM/RR HH24:MI:SSXFF'),'91','93,56','22');
Insert into SMARTSTOCK.PRODUCTS (ID,ALERT_THRESHOLD,LABEL,LAST_UPDATED,STOCK_QUANTITY,UNIT_PRICE,SUPPLIER_ID) values ('60','5','Product 40',to_timestamp('01/04/26 13:51:07,000000000','DD/MM/RR HH24:MI:SSXFF'),'29','697,26','42');
Insert into SMARTSTOCK.PRODUCTS (ID,ALERT_THRESHOLD,LABEL,LAST_UPDATED,STOCK_QUANTITY,UNIT_PRICE,SUPPLIER_ID) values ('61','9','Product 41',to_timestamp('01/04/26 13:51:07,000000000','DD/MM/RR HH24:MI:SSXFF'),'30','687,43','50');
Insert into SMARTSTOCK.PRODUCTS (ID,ALERT_THRESHOLD,LABEL,LAST_UPDATED,STOCK_QUANTITY,UNIT_PRICE,SUPPLIER_ID) values ('62','2','Product 42',to_timestamp('01/04/26 13:51:07,000000000','DD/MM/RR HH24:MI:SSXFF'),'91','658,1','2');
Insert into SMARTSTOCK.PRODUCTS (ID,ALERT_THRESHOLD,LABEL,LAST_UPDATED,STOCK_QUANTITY,UNIT_PRICE,SUPPLIER_ID) values ('63','4','Product 43',to_timestamp('01/04/26 13:51:07,000000000','DD/MM/RR HH24:MI:SSXFF'),'41','489,88','2');
Insert into SMARTSTOCK.PRODUCTS (ID,ALERT_THRESHOLD,LABEL,LAST_UPDATED,STOCK_QUANTITY,UNIT_PRICE,SUPPLIER_ID) values ('64','8','Product 44',to_timestamp('01/04/26 13:51:07,000000000','DD/MM/RR HH24:MI:SSXFF'),'16','296,76','61');
Insert into SMARTSTOCK.PRODUCTS (ID,ALERT_THRESHOLD,LABEL,LAST_UPDATED,STOCK_QUANTITY,UNIT_PRICE,SUPPLIER_ID) values ('65','1','Product 45',to_timestamp('01/04/26 13:51:07,000000000','DD/MM/RR HH24:MI:SSXFF'),'11','145,19','40');
Insert into SMARTSTOCK.PRODUCTS (ID,ALERT_THRESHOLD,LABEL,LAST_UPDATED,STOCK_QUANTITY,UNIT_PRICE,SUPPLIER_ID) values ('66','3','Product 46',to_timestamp('01/04/26 13:51:07,000000000','DD/MM/RR HH24:MI:SSXFF'),'35','430,64','55');
Insert into SMARTSTOCK.PRODUCTS (ID,ALERT_THRESHOLD,LABEL,LAST_UPDATED,STOCK_QUANTITY,UNIT_PRICE,SUPPLIER_ID) values ('67','3','Product 47',to_timestamp('01/04/26 13:51:07,000000000','DD/MM/RR HH24:MI:SSXFF'),'33','471,76','44');
Insert into SMARTSTOCK.PRODUCTS (ID,ALERT_THRESHOLD,LABEL,LAST_UPDATED,STOCK_QUANTITY,UNIT_PRICE,SUPPLIER_ID) values ('68','1','Product 48',to_timestamp('01/04/26 13:51:07,000000000','DD/MM/RR HH24:MI:SSXFF'),'40','724,85','50');
Insert into SMARTSTOCK.PRODUCTS (ID,ALERT_THRESHOLD,LABEL,LAST_UPDATED,STOCK_QUANTITY,UNIT_PRICE,SUPPLIER_ID) values ('69','2','Product 49',to_timestamp('01/04/26 13:51:07,000000000','DD/MM/RR HH24:MI:SSXFF'),'11','971,47','28');
Insert into SMARTSTOCK.PRODUCTS (ID,ALERT_THRESHOLD,LABEL,LAST_UPDATED,STOCK_QUANTITY,UNIT_PRICE,SUPPLIER_ID) values ('70','9','Product 50',to_timestamp('01/04/26 13:51:07,000000000','DD/MM/RR HH24:MI:SSXFF'),'95','596,77','1');
Insert into SMARTSTOCK.PRODUCTS (ID,ALERT_THRESHOLD,LABEL,LAST_UPDATED,STOCK_QUANTITY,UNIT_PRICE,SUPPLIER_ID) values ('71','4','Product 51',to_timestamp('01/04/26 13:51:07,000000000','DD/MM/RR HH24:MI:SSXFF'),'34','242,2','37');
Insert into SMARTSTOCK.PRODUCTS (ID,ALERT_THRESHOLD,LABEL,LAST_UPDATED,STOCK_QUANTITY,UNIT_PRICE,SUPPLIER_ID) values ('72','3','Product 52',to_timestamp('01/04/26 13:51:07,000000000','DD/MM/RR HH24:MI:SSXFF'),'57','111,75','42');
Insert into SMARTSTOCK.PRODUCTS (ID,ALERT_THRESHOLD,LABEL,LAST_UPDATED,STOCK_QUANTITY,UNIT_PRICE,SUPPLIER_ID) values ('73','6','Product 53',to_timestamp('01/04/26 13:51:07,000000000','DD/MM/RR HH24:MI:SSXFF'),'59','302,8','48');
Insert into SMARTSTOCK.PRODUCTS (ID,ALERT_THRESHOLD,LABEL,LAST_UPDATED,STOCK_QUANTITY,UNIT_PRICE,SUPPLIER_ID) values ('74','5','Product 54',to_timestamp('01/04/26 13:51:07,000000000','DD/MM/RR HH24:MI:SSXFF'),'96','151,59','52');
Insert into SMARTSTOCK.PRODUCTS (ID,ALERT_THRESHOLD,LABEL,LAST_UPDATED,STOCK_QUANTITY,UNIT_PRICE,SUPPLIER_ID) values ('75','4','Product 55',to_timestamp('01/04/26 13:51:07,000000000','DD/MM/RR HH24:MI:SSXFF'),'68','569,78','46');
Insert into SMARTSTOCK.PRODUCTS (ID,ALERT_THRESHOLD,LABEL,LAST_UPDATED,STOCK_QUANTITY,UNIT_PRICE,SUPPLIER_ID) values ('76','6','Product 56',to_timestamp('01/04/26 13:51:07,000000000','DD/MM/RR HH24:MI:SSXFF'),'39','448,09','22');
Insert into SMARTSTOCK.PRODUCTS (ID,ALERT_THRESHOLD,LABEL,LAST_UPDATED,STOCK_QUANTITY,UNIT_PRICE,SUPPLIER_ID) values ('77','1','Product 57',to_timestamp('01/04/26 13:51:07,000000000','DD/MM/RR HH24:MI:SSXFF'),'77','185,59','56');
Insert into SMARTSTOCK.PRODUCTS (ID,ALERT_THRESHOLD,LABEL,LAST_UPDATED,STOCK_QUANTITY,UNIT_PRICE,SUPPLIER_ID) values ('78','4','Product 58',to_timestamp('01/04/26 13:51:07,000000000','DD/MM/RR HH24:MI:SSXFF'),'10','323,6','57');
Insert into SMARTSTOCK.PRODUCTS (ID,ALERT_THRESHOLD,LABEL,LAST_UPDATED,STOCK_QUANTITY,UNIT_PRICE,SUPPLIER_ID) values ('79','4','Product 59',to_timestamp('01/04/26 13:51:07,000000000','DD/MM/RR HH24:MI:SSXFF'),'98','980,05','47');
Insert into SMARTSTOCK.PRODUCTS (ID,ALERT_THRESHOLD,LABEL,LAST_UPDATED,STOCK_QUANTITY,UNIT_PRICE,SUPPLIER_ID) values ('80','6','Product 60',to_timestamp('01/04/26 13:51:07,000000000','DD/MM/RR HH24:MI:SSXFF'),'81','186,09','30');
Insert into SMARTSTOCK.PRODUCTS (ID,ALERT_THRESHOLD,LABEL,LAST_UPDATED,STOCK_QUANTITY,UNIT_PRICE,SUPPLIER_ID) values ('81','3','Product 61',to_timestamp('01/04/26 13:51:07,000000000','DD/MM/RR HH24:MI:SSXFF'),'58','402,14','35');
Insert into SMARTSTOCK.PRODUCTS (ID,ALERT_THRESHOLD,LABEL,LAST_UPDATED,STOCK_QUANTITY,UNIT_PRICE,SUPPLIER_ID) values ('82','3','Product 62',to_timestamp('01/04/26 13:51:07,000000000','DD/MM/RR HH24:MI:SSXFF'),'19','609,57','63');
Insert into SMARTSTOCK.PRODUCTS (ID,ALERT_THRESHOLD,LABEL,LAST_UPDATED,STOCK_QUANTITY,UNIT_PRICE,SUPPLIER_ID) values ('83','7','Product 63',to_timestamp('01/04/26 13:51:07,000000000','DD/MM/RR HH24:MI:SSXFF'),'53','570,34','48');
Insert into SMARTSTOCK.PRODUCTS (ID,ALERT_THRESHOLD,LABEL,LAST_UPDATED,STOCK_QUANTITY,UNIT_PRICE,SUPPLIER_ID) values ('84','2','Product 64',to_timestamp('01/04/26 13:51:07,000000000','DD/MM/RR HH24:MI:SSXFF'),'65','244,84','66');
Insert into SMARTSTOCK.PRODUCTS (ID,ALERT_THRESHOLD,LABEL,LAST_UPDATED,STOCK_QUANTITY,UNIT_PRICE,SUPPLIER_ID) values ('85','9','Product 65',to_timestamp('01/04/26 13:51:07,000000000','DD/MM/RR HH24:MI:SSXFF'),'54','435,9','61');
Insert into SMARTSTOCK.PRODUCTS (ID,ALERT_THRESHOLD,LABEL,LAST_UPDATED,STOCK_QUANTITY,UNIT_PRICE,SUPPLIER_ID) values ('86','1','Product 66',to_timestamp('01/04/26 13:51:07,000000000','DD/MM/RR HH24:MI:SSXFF'),'45','686,92','29');
Insert into SMARTSTOCK.PRODUCTS (ID,ALERT_THRESHOLD,LABEL,LAST_UPDATED,STOCK_QUANTITY,UNIT_PRICE,SUPPLIER_ID) values ('87','3','Product 67',to_timestamp('01/04/26 13:51:07,000000000','DD/MM/RR HH24:MI:SSXFF'),'79','767','33');
Insert into SMARTSTOCK.PRODUCTS (ID,ALERT_THRESHOLD,LABEL,LAST_UPDATED,STOCK_QUANTITY,UNIT_PRICE,SUPPLIER_ID) values ('88','9','Product 68',to_timestamp('01/04/26 13:51:07,000000000','DD/MM/RR HH24:MI:SSXFF'),'46','202,45','62');
Insert into SMARTSTOCK.PRODUCTS (ID,ALERT_THRESHOLD,LABEL,LAST_UPDATED,STOCK_QUANTITY,UNIT_PRICE,SUPPLIER_ID) values ('89','5','Product 69',to_timestamp('01/04/26 13:51:07,000000000','DD/MM/RR HH24:MI:SSXFF'),'18','198,09','48');
Insert into SMARTSTOCK.PRODUCTS (ID,ALERT_THRESHOLD,LABEL,LAST_UPDATED,STOCK_QUANTITY,UNIT_PRICE,SUPPLIER_ID) values ('90','5','Product 70',to_timestamp('01/04/26 13:51:07,000000000','DD/MM/RR HH24:MI:SSXFF'),'62','177,62','60');
Insert into SMARTSTOCK.PRODUCTS (ID,ALERT_THRESHOLD,LABEL,LAST_UPDATED,STOCK_QUANTITY,UNIT_PRICE,SUPPLIER_ID) values ('91','3','Product 71',to_timestamp('01/04/26 13:51:07,000000000','DD/MM/RR HH24:MI:SSXFF'),'44','710,37','28');
Insert into SMARTSTOCK.PRODUCTS (ID,ALERT_THRESHOLD,LABEL,LAST_UPDATED,STOCK_QUANTITY,UNIT_PRICE,SUPPLIER_ID) values ('92','3','Product 72',to_timestamp('01/04/26 13:51:07,000000000','DD/MM/RR HH24:MI:SSXFF'),'13','141,68','56');
Insert into SMARTSTOCK.PRODUCTS (ID,ALERT_THRESHOLD,LABEL,LAST_UPDATED,STOCK_QUANTITY,UNIT_PRICE,SUPPLIER_ID) values ('93','4','Product 73',to_timestamp('01/04/26 13:51:07,000000000','DD/MM/RR HH24:MI:SSXFF'),'21','623,98','61');
Insert into SMARTSTOCK.PRODUCTS (ID,ALERT_THRESHOLD,LABEL,LAST_UPDATED,STOCK_QUANTITY,UNIT_PRICE,SUPPLIER_ID) values ('94','6','Product 74',to_timestamp('01/04/26 13:51:07,000000000','DD/MM/RR HH24:MI:SSXFF'),'37','812,95','49');
Insert into SMARTSTOCK.PRODUCTS (ID,ALERT_THRESHOLD,LABEL,LAST_UPDATED,STOCK_QUANTITY,UNIT_PRICE,SUPPLIER_ID) values ('95','1','Product 75',to_timestamp('01/04/26 13:51:07,000000000','DD/MM/RR HH24:MI:SSXFF'),'17','930,9','57');
Insert into SMARTSTOCK.PRODUCTS (ID,ALERT_THRESHOLD,LABEL,LAST_UPDATED,STOCK_QUANTITY,UNIT_PRICE,SUPPLIER_ID) values ('96','4','Product 76',to_timestamp('01/04/26 13:51:07,000000000','DD/MM/RR HH24:MI:SSXFF'),'53','804,44','21');
Insert into SMARTSTOCK.PRODUCTS (ID,ALERT_THRESHOLD,LABEL,LAST_UPDATED,STOCK_QUANTITY,UNIT_PRICE,SUPPLIER_ID) values ('97','5','Product 77',to_timestamp('01/04/26 13:51:07,000000000','DD/MM/RR HH24:MI:SSXFF'),'76','698,39','56');
Insert into SMARTSTOCK.PRODUCTS (ID,ALERT_THRESHOLD,LABEL,LAST_UPDATED,STOCK_QUANTITY,UNIT_PRICE,SUPPLIER_ID) values ('98','6','Product 78',to_timestamp('01/04/26 13:51:07,000000000','DD/MM/RR HH24:MI:SSXFF'),'95','772,73','60');
Insert into SMARTSTOCK.PRODUCTS (ID,ALERT_THRESHOLD,LABEL,LAST_UPDATED,STOCK_QUANTITY,UNIT_PRICE,SUPPLIER_ID) values ('99','5','Product 79',to_timestamp('01/04/26 13:51:07,000000000','DD/MM/RR HH24:MI:SSXFF'),'69','559,74','27');
Insert into SMARTSTOCK.PRODUCTS (ID,ALERT_THRESHOLD,LABEL,LAST_UPDATED,STOCK_QUANTITY,UNIT_PRICE,SUPPLIER_ID) values ('100','5','Product 80',to_timestamp('01/04/26 13:51:07,000000000','DD/MM/RR HH24:MI:SSXFF'),'69','337,51','56');
Insert into SMARTSTOCK.PRODUCTS (ID,ALERT_THRESHOLD,LABEL,LAST_UPDATED,STOCK_QUANTITY,UNIT_PRICE,SUPPLIER_ID) values ('101','6','Product 81',to_timestamp('01/04/26 13:51:07,000000000','DD/MM/RR HH24:MI:SSXFF'),'74','395,26','27');
Insert into SMARTSTOCK.PRODUCTS (ID,ALERT_THRESHOLD,LABEL,LAST_UPDATED,STOCK_QUANTITY,UNIT_PRICE,SUPPLIER_ID) values ('102','2','Product 82',to_timestamp('01/04/26 13:51:07,000000000','DD/MM/RR HH24:MI:SSXFF'),'41','566,33','22');
Insert into SMARTSTOCK.PRODUCTS (ID,ALERT_THRESHOLD,LABEL,LAST_UPDATED,STOCK_QUANTITY,UNIT_PRICE,SUPPLIER_ID) values ('103','5','Product 83',to_timestamp('01/04/26 13:51:07,000000000','DD/MM/RR HH24:MI:SSXFF'),'73','803,43','55');
Insert into SMARTSTOCK.PRODUCTS (ID,ALERT_THRESHOLD,LABEL,LAST_UPDATED,STOCK_QUANTITY,UNIT_PRICE,SUPPLIER_ID) values ('104','4','Product 84',to_timestamp('01/04/26 13:51:07,000000000','DD/MM/RR HH24:MI:SSXFF'),'66','717,91','26');
Insert into SMARTSTOCK.PRODUCTS (ID,ALERT_THRESHOLD,LABEL,LAST_UPDATED,STOCK_QUANTITY,UNIT_PRICE,SUPPLIER_ID) values ('105','3','Product 85',to_timestamp('01/04/26 13:51:07,000000000','DD/MM/RR HH24:MI:SSXFF'),'17','229,09','51');
Insert into SMARTSTOCK.PRODUCTS (ID,ALERT_THRESHOLD,LABEL,LAST_UPDATED,STOCK_QUANTITY,UNIT_PRICE,SUPPLIER_ID) values ('106','4','Product 86',to_timestamp('01/04/26 13:51:07,000000000','DD/MM/RR HH24:MI:SSXFF'),'92','469,43','65');
Insert into SMARTSTOCK.PRODUCTS (ID,ALERT_THRESHOLD,LABEL,LAST_UPDATED,STOCK_QUANTITY,UNIT_PRICE,SUPPLIER_ID) values ('107','5','Product 87',to_timestamp('01/04/26 13:51:07,000000000','DD/MM/RR HH24:MI:SSXFF'),'34','744,58','52');
Insert into SMARTSTOCK.PRODUCTS (ID,ALERT_THRESHOLD,LABEL,LAST_UPDATED,STOCK_QUANTITY,UNIT_PRICE,SUPPLIER_ID) values ('108','7','Product 88',to_timestamp('01/04/26 13:51:07,000000000','DD/MM/RR HH24:MI:SSXFF'),'84','449,74','21');
Insert into SMARTSTOCK.PRODUCTS (ID,ALERT_THRESHOLD,LABEL,LAST_UPDATED,STOCK_QUANTITY,UNIT_PRICE,SUPPLIER_ID) values ('109','2','Product 89',to_timestamp('01/04/26 13:51:07,000000000','DD/MM/RR HH24:MI:SSXFF'),'77','930,48','36');
Insert into SMARTSTOCK.PRODUCTS (ID,ALERT_THRESHOLD,LABEL,LAST_UPDATED,STOCK_QUANTITY,UNIT_PRICE,SUPPLIER_ID) values ('110','8','Product 90',to_timestamp('01/04/26 13:51:07,000000000','DD/MM/RR HH24:MI:SSXFF'),'63','488,98','67');
Insert into SMARTSTOCK.PRODUCTS (ID,ALERT_THRESHOLD,LABEL,LAST_UPDATED,STOCK_QUANTITY,UNIT_PRICE,SUPPLIER_ID) values ('111','4','Product 91',to_timestamp('01/04/26 13:51:07,000000000','DD/MM/RR HH24:MI:SSXFF'),'30','79,89','25');
Insert into SMARTSTOCK.PRODUCTS (ID,ALERT_THRESHOLD,LABEL,LAST_UPDATED,STOCK_QUANTITY,UNIT_PRICE,SUPPLIER_ID) values ('112','1','Product 92',to_timestamp('01/04/26 13:51:07,000000000','DD/MM/RR HH24:MI:SSXFF'),'81','651,13','45');
Insert into SMARTSTOCK.PRODUCTS (ID,ALERT_THRESHOLD,LABEL,LAST_UPDATED,STOCK_QUANTITY,UNIT_PRICE,SUPPLIER_ID) values ('113','3','Product 93',to_timestamp('01/04/26 13:51:07,000000000','DD/MM/RR HH24:MI:SSXFF'),'99','810,73','23');
Insert into SMARTSTOCK.PRODUCTS (ID,ALERT_THRESHOLD,LABEL,LAST_UPDATED,STOCK_QUANTITY,UNIT_PRICE,SUPPLIER_ID) values ('114','6','Product 94',to_timestamp('01/04/26 13:51:07,000000000','DD/MM/RR HH24:MI:SSXFF'),'14','879,08','62');
Insert into SMARTSTOCK.PRODUCTS (ID,ALERT_THRESHOLD,LABEL,LAST_UPDATED,STOCK_QUANTITY,UNIT_PRICE,SUPPLIER_ID) values ('115','5','Product 95',to_timestamp('01/04/26 13:51:07,000000000','DD/MM/RR HH24:MI:SSXFF'),'93','140,03','2');
Insert into SMARTSTOCK.PRODUCTS (ID,ALERT_THRESHOLD,LABEL,LAST_UPDATED,STOCK_QUANTITY,UNIT_PRICE,SUPPLIER_ID) values ('116','2','Product 96',to_timestamp('01/04/26 13:51:07,000000000','DD/MM/RR HH24:MI:SSXFF'),'83','262,79','64');
Insert into SMARTSTOCK.PRODUCTS (ID,ALERT_THRESHOLD,LABEL,LAST_UPDATED,STOCK_QUANTITY,UNIT_PRICE,SUPPLIER_ID) values ('117','3','Product 97',to_timestamp('01/04/26 13:51:07,000000000','DD/MM/RR HH24:MI:SSXFF'),'11','437,44','58');
Insert into SMARTSTOCK.PRODUCTS (ID,ALERT_THRESHOLD,LABEL,LAST_UPDATED,STOCK_QUANTITY,UNIT_PRICE,SUPPLIER_ID) values ('118','5','Product 98',to_timestamp('01/04/26 13:51:07,000000000','DD/MM/RR HH24:MI:SSXFF'),'51','329,7','65');
Insert into SMARTSTOCK.PRODUCTS (ID,ALERT_THRESHOLD,LABEL,LAST_UPDATED,STOCK_QUANTITY,UNIT_PRICE,SUPPLIER_ID) values ('119','4','Product 99',to_timestamp('01/04/26 13:51:07,000000000','DD/MM/RR HH24:MI:SSXFF'),'51','304,09','23');
Insert into SMARTSTOCK.PRODUCTS (ID,ALERT_THRESHOLD,LABEL,LAST_UPDATED,STOCK_QUANTITY,UNIT_PRICE,SUPPLIER_ID) values ('120','3','Product 100',to_timestamp('01/04/26 13:51:07,000000000','DD/MM/RR HH24:MI:SSXFF'),'16','222,21','21');
Insert into SMARTSTOCK.PRODUCTS (ID,ALERT_THRESHOLD,LABEL,LAST_UPDATED,STOCK_QUANTITY,UNIT_PRICE,SUPPLIER_ID) values ('121','5','samsung s25',to_timestamp('04/04/26 01:48:52,504193000','DD/MM/RR HH24:MI:SSXFF'),'4','15000','2');
Insert into SMARTSTOCK.PRODUCTS (ID,ALERT_THRESHOLD,LABEL,LAST_UPDATED,STOCK_QUANTITY,UNIT_PRICE,SUPPLIER_ID) values ('1','3','Professional Monitor 4K',to_timestamp('01/04/26 01:23:51,000000000','DD/MM/RR HH24:MI:SSXFF'),'25','499,99','1');
Insert into SMARTSTOCK.PRODUCTS (ID,ALERT_THRESHOLD,LABEL,LAST_UPDATED,STOCK_QUANTITY,UNIT_PRICE,SUPPLIER_ID) values ('3','4','PROD1',to_timestamp('01/04/26 02:44:22,675497000','DD/MM/RR HH24:MI:SSXFF'),'0','15','1');
Insert into SMARTSTOCK.PRODUCTS (ID,ALERT_THRESHOLD,LABEL,LAST_UPDATED,STOCK_QUANTITY,UNIT_PRICE,SUPPLIER_ID) values ('4','5','ggg',to_timestamp('01/04/26 02:49:17,577775000','DD/MM/RR HH24:MI:SSXFF'),'5','15','1');
Insert into SMARTSTOCK.PRODUCTS (ID,ALERT_THRESHOLD,LABEL,LAST_UPDATED,STOCK_QUANTITY,UNIT_PRICE,SUPPLIER_ID) values ('141','20','produit001',to_timestamp('06/04/26 16:30:23,303120000','DD/MM/RR HH24:MI:SSXFF'),'21','150','21');
REM INSERTING into SMARTSTOCK.SUPPLIERS
SET DEFINE OFF;
Insert into SMARTSTOCK.SUPPLIERS (ID,ADDRESS,CATEGORY,CREATED_AT,EMAIL,NAME,UPDATED_AT) values ('2','Los Angeles','Electronics',to_timestamp('01/04/26 03:45:05,821255000','DD/MM/RR HH24:MI:SSXFF'),'samsung@fmail.com','Samsung',to_timestamp('01/04/26 03:45:05,821255000','DD/MM/RR HH24:MI:SSXFF'));
Insert into SMARTSTOCK.SUPPLIERS (ID,ADDRESS,CATEGORY,CREATED_AT,EMAIL,NAME,UPDATED_AT) values ('21','Address 1','Hardware',to_timestamp('01/04/26 13:50:48,000000000','DD/MM/RR HH24:MI:SSXFF'),'supplier1@mail.com','Supplier 1',to_timestamp('01/04/26 13:50:48,000000000','DD/MM/RR HH24:MI:SSXFF'));
Insert into SMARTSTOCK.SUPPLIERS (ID,ADDRESS,CATEGORY,CREATED_AT,EMAIL,NAME,UPDATED_AT) values ('22','Address 2','Office',to_timestamp('01/04/26 13:50:48,000000000','DD/MM/RR HH24:MI:SSXFF'),'supplier2@mail.com','Supplier 2',to_timestamp('01/04/26 13:50:48,000000000','DD/MM/RR HH24:MI:SSXFF'));
Insert into SMARTSTOCK.SUPPLIERS (ID,ADDRESS,CATEGORY,CREATED_AT,EMAIL,NAME,UPDATED_AT) values ('23','Address 3','Industrial',to_timestamp('01/04/26 13:50:48,000000000','DD/MM/RR HH24:MI:SSXFF'),'supplier3@mail.com','Supplier 3',to_timestamp('01/04/26 13:50:48,000000000','DD/MM/RR HH24:MI:SSXFF'));
Insert into SMARTSTOCK.SUPPLIERS (ID,ADDRESS,CATEGORY,CREATED_AT,EMAIL,NAME,UPDATED_AT) values ('24','Address 4','Electronics',to_timestamp('01/04/26 13:50:48,000000000','DD/MM/RR HH24:MI:SSXFF'),'supplier4@mail.com','Supplier 4',to_timestamp('01/04/26 13:50:48,000000000','DD/MM/RR HH24:MI:SSXFF'));
Insert into SMARTSTOCK.SUPPLIERS (ID,ADDRESS,CATEGORY,CREATED_AT,EMAIL,NAME,UPDATED_AT) values ('25','Address 5','Hardware',to_timestamp('01/04/26 13:50:48,000000000','DD/MM/RR HH24:MI:SSXFF'),'supplier5@mail.com','Supplier 5',to_timestamp('01/04/26 13:50:48,000000000','DD/MM/RR HH24:MI:SSXFF'));
Insert into SMARTSTOCK.SUPPLIERS (ID,ADDRESS,CATEGORY,CREATED_AT,EMAIL,NAME,UPDATED_AT) values ('26','Address 6','Office',to_timestamp('01/04/26 13:50:48,000000000','DD/MM/RR HH24:MI:SSXFF'),'supplier6@mail.com','Supplier 6',to_timestamp('01/04/26 13:50:48,000000000','DD/MM/RR HH24:MI:SSXFF'));
Insert into SMARTSTOCK.SUPPLIERS (ID,ADDRESS,CATEGORY,CREATED_AT,EMAIL,NAME,UPDATED_AT) values ('27','Address 7','Industrial',to_timestamp('01/04/26 13:50:48,000000000','DD/MM/RR HH24:MI:SSXFF'),'supplier7@mail.com','Supplier 7',to_timestamp('01/04/26 13:50:48,000000000','DD/MM/RR HH24:MI:SSXFF'));
Insert into SMARTSTOCK.SUPPLIERS (ID,ADDRESS,CATEGORY,CREATED_AT,EMAIL,NAME,UPDATED_AT) values ('28','Address 8','Electronics',to_timestamp('01/04/26 13:50:48,000000000','DD/MM/RR HH24:MI:SSXFF'),'supplier8@mail.com','Supplier 8',to_timestamp('01/04/26 13:50:48,000000000','DD/MM/RR HH24:MI:SSXFF'));
Insert into SMARTSTOCK.SUPPLIERS (ID,ADDRESS,CATEGORY,CREATED_AT,EMAIL,NAME,UPDATED_AT) values ('29','Address 9','Hardware',to_timestamp('01/04/26 13:50:48,000000000','DD/MM/RR HH24:MI:SSXFF'),'supplier9@mail.com','Supplier 9',to_timestamp('01/04/26 13:50:48,000000000','DD/MM/RR HH24:MI:SSXFF'));
Insert into SMARTSTOCK.SUPPLIERS (ID,ADDRESS,CATEGORY,CREATED_AT,EMAIL,NAME,UPDATED_AT) values ('30','Address 10','Office',to_timestamp('01/04/26 13:50:48,000000000','DD/MM/RR HH24:MI:SSXFF'),'supplier10@mail.com','Supplier 10',to_timestamp('01/04/26 13:50:48,000000000','DD/MM/RR HH24:MI:SSXFF'));
Insert into SMARTSTOCK.SUPPLIERS (ID,ADDRESS,CATEGORY,CREATED_AT,EMAIL,NAME,UPDATED_AT) values ('31','Address 11','Industrial',to_timestamp('01/04/26 13:50:48,000000000','DD/MM/RR HH24:MI:SSXFF'),'supplier11@mail.com','Supplier 11',to_timestamp('01/04/26 13:50:48,000000000','DD/MM/RR HH24:MI:SSXFF'));
Insert into SMARTSTOCK.SUPPLIERS (ID,ADDRESS,CATEGORY,CREATED_AT,EMAIL,NAME,UPDATED_AT) values ('32','Address 12','Electronics',to_timestamp('01/04/26 13:50:48,000000000','DD/MM/RR HH24:MI:SSXFF'),'supplier12@mail.com','Supplier 12',to_timestamp('01/04/26 13:50:48,000000000','DD/MM/RR HH24:MI:SSXFF'));
Insert into SMARTSTOCK.SUPPLIERS (ID,ADDRESS,CATEGORY,CREATED_AT,EMAIL,NAME,UPDATED_AT) values ('33','Address 13','Hardware',to_timestamp('01/04/26 13:50:48,000000000','DD/MM/RR HH24:MI:SSXFF'),'supplier13@mail.com','Supplier 13',to_timestamp('01/04/26 13:50:48,000000000','DD/MM/RR HH24:MI:SSXFF'));
Insert into SMARTSTOCK.SUPPLIERS (ID,ADDRESS,CATEGORY,CREATED_AT,EMAIL,NAME,UPDATED_AT) values ('34','Address 14','Office',to_timestamp('01/04/26 13:50:48,000000000','DD/MM/RR HH24:MI:SSXFF'),'supplier14@mail.com','Supplier 14',to_timestamp('01/04/26 13:50:48,000000000','DD/MM/RR HH24:MI:SSXFF'));
Insert into SMARTSTOCK.SUPPLIERS (ID,ADDRESS,CATEGORY,CREATED_AT,EMAIL,NAME,UPDATED_AT) values ('35','Address 15','Industrial',to_timestamp('01/04/26 13:50:48,000000000','DD/MM/RR HH24:MI:SSXFF'),'supplier15@mail.com','Supplier 15',to_timestamp('01/04/26 13:50:48,000000000','DD/MM/RR HH24:MI:SSXFF'));
Insert into SMARTSTOCK.SUPPLIERS (ID,ADDRESS,CATEGORY,CREATED_AT,EMAIL,NAME,UPDATED_AT) values ('36','Address 16','Electronics',to_timestamp('01/04/26 13:50:48,000000000','DD/MM/RR HH24:MI:SSXFF'),'supplier16@mail.com','Supplier 16',to_timestamp('01/04/26 13:50:48,000000000','DD/MM/RR HH24:MI:SSXFF'));
Insert into SMARTSTOCK.SUPPLIERS (ID,ADDRESS,CATEGORY,CREATED_AT,EMAIL,NAME,UPDATED_AT) values ('37','Address 17','Hardware',to_timestamp('01/04/26 13:50:48,000000000','DD/MM/RR HH24:MI:SSXFF'),'supplier17@mail.com','Supplier 17',to_timestamp('01/04/26 13:50:48,000000000','DD/MM/RR HH24:MI:SSXFF'));
Insert into SMARTSTOCK.SUPPLIERS (ID,ADDRESS,CATEGORY,CREATED_AT,EMAIL,NAME,UPDATED_AT) values ('38','Address 18','Office',to_timestamp('01/04/26 13:50:48,000000000','DD/MM/RR HH24:MI:SSXFF'),'supplier18@mail.com','Supplier 18',to_timestamp('01/04/26 13:50:48,000000000','DD/MM/RR HH24:MI:SSXFF'));
Insert into SMARTSTOCK.SUPPLIERS (ID,ADDRESS,CATEGORY,CREATED_AT,EMAIL,NAME,UPDATED_AT) values ('39','Address 19','Industrial',to_timestamp('01/04/26 13:50:48,000000000','DD/MM/RR HH24:MI:SSXFF'),'supplier19@mail.com','Supplier 19',to_timestamp('01/04/26 13:50:48,000000000','DD/MM/RR HH24:MI:SSXFF'));
Insert into SMARTSTOCK.SUPPLIERS (ID,ADDRESS,CATEGORY,CREATED_AT,EMAIL,NAME,UPDATED_AT) values ('40','Address 20','Electronics',to_timestamp('01/04/26 13:50:48,000000000','DD/MM/RR HH24:MI:SSXFF'),'supplier20@mail.com','Supplier 20',to_timestamp('01/04/26 13:50:48,000000000','DD/MM/RR HH24:MI:SSXFF'));
Insert into SMARTSTOCK.SUPPLIERS (ID,ADDRESS,CATEGORY,CREATED_AT,EMAIL,NAME,UPDATED_AT) values ('41','Address 21','Hardware',to_timestamp('01/04/26 13:50:48,000000000','DD/MM/RR HH24:MI:SSXFF'),'supplier21@mail.com','Supplier 21',to_timestamp('01/04/26 13:50:48,000000000','DD/MM/RR HH24:MI:SSXFF'));
Insert into SMARTSTOCK.SUPPLIERS (ID,ADDRESS,CATEGORY,CREATED_AT,EMAIL,NAME,UPDATED_AT) values ('42','Address 22','Office',to_timestamp('01/04/26 13:50:48,000000000','DD/MM/RR HH24:MI:SSXFF'),'supplier22@mail.com','Supplier 22',to_timestamp('01/04/26 13:50:48,000000000','DD/MM/RR HH24:MI:SSXFF'));
Insert into SMARTSTOCK.SUPPLIERS (ID,ADDRESS,CATEGORY,CREATED_AT,EMAIL,NAME,UPDATED_AT) values ('43','Address 23','Industrial',to_timestamp('01/04/26 13:50:48,000000000','DD/MM/RR HH24:MI:SSXFF'),'supplier23@mail.com','Supplier 23',to_timestamp('01/04/26 13:50:48,000000000','DD/MM/RR HH24:MI:SSXFF'));
Insert into SMARTSTOCK.SUPPLIERS (ID,ADDRESS,CATEGORY,CREATED_AT,EMAIL,NAME,UPDATED_AT) values ('44','Address 24','Electronics',to_timestamp('01/04/26 13:50:48,000000000','DD/MM/RR HH24:MI:SSXFF'),'supplier24@mail.com','Supplier 24',to_timestamp('01/04/26 13:50:48,000000000','DD/MM/RR HH24:MI:SSXFF'));
Insert into SMARTSTOCK.SUPPLIERS (ID,ADDRESS,CATEGORY,CREATED_AT,EMAIL,NAME,UPDATED_AT) values ('45','Address 25','Hardware',to_timestamp('01/04/26 13:50:48,000000000','DD/MM/RR HH24:MI:SSXFF'),'supplier25@mail.com','Supplier 25',to_timestamp('01/04/26 13:50:48,000000000','DD/MM/RR HH24:MI:SSXFF'));
Insert into SMARTSTOCK.SUPPLIERS (ID,ADDRESS,CATEGORY,CREATED_AT,EMAIL,NAME,UPDATED_AT) values ('46','Address 26','Office',to_timestamp('01/04/26 13:50:48,000000000','DD/MM/RR HH24:MI:SSXFF'),'supplier26@mail.com','Supplier 26',to_timestamp('01/04/26 13:50:48,000000000','DD/MM/RR HH24:MI:SSXFF'));
Insert into SMARTSTOCK.SUPPLIERS (ID,ADDRESS,CATEGORY,CREATED_AT,EMAIL,NAME,UPDATED_AT) values ('47','Address 27','Industrial',to_timestamp('01/04/26 13:50:48,000000000','DD/MM/RR HH24:MI:SSXFF'),'supplier27@mail.com','Supplier 27',to_timestamp('01/04/26 13:50:48,000000000','DD/MM/RR HH24:MI:SSXFF'));
Insert into SMARTSTOCK.SUPPLIERS (ID,ADDRESS,CATEGORY,CREATED_AT,EMAIL,NAME,UPDATED_AT) values ('48','Address 28','Electronics',to_timestamp('01/04/26 13:50:48,000000000','DD/MM/RR HH24:MI:SSXFF'),'supplier28@mail.com','Supplier 28',to_timestamp('01/04/26 13:50:48,000000000','DD/MM/RR HH24:MI:SSXFF'));
Insert into SMARTSTOCK.SUPPLIERS (ID,ADDRESS,CATEGORY,CREATED_AT,EMAIL,NAME,UPDATED_AT) values ('49','Address 29','Hardware',to_timestamp('01/04/26 13:50:48,000000000','DD/MM/RR HH24:MI:SSXFF'),'supplier29@mail.com','Supplier 29',to_timestamp('01/04/26 13:50:48,000000000','DD/MM/RR HH24:MI:SSXFF'));
Insert into SMARTSTOCK.SUPPLIERS (ID,ADDRESS,CATEGORY,CREATED_AT,EMAIL,NAME,UPDATED_AT) values ('50','Address 30','Office',to_timestamp('01/04/26 13:50:48,000000000','DD/MM/RR HH24:MI:SSXFF'),'supplier30@mail.com','Supplier 30',to_timestamp('01/04/26 13:50:48,000000000','DD/MM/RR HH24:MI:SSXFF'));
Insert into SMARTSTOCK.SUPPLIERS (ID,ADDRESS,CATEGORY,CREATED_AT,EMAIL,NAME,UPDATED_AT) values ('51','Address 31','Industrial',to_timestamp('01/04/26 13:50:48,000000000','DD/MM/RR HH24:MI:SSXFF'),'supplier31@mail.com','Supplier 31',to_timestamp('01/04/26 13:50:48,000000000','DD/MM/RR HH24:MI:SSXFF'));
Insert into SMARTSTOCK.SUPPLIERS (ID,ADDRESS,CATEGORY,CREATED_AT,EMAIL,NAME,UPDATED_AT) values ('52','Address 32','Electronics',to_timestamp('01/04/26 13:50:48,000000000','DD/MM/RR HH24:MI:SSXFF'),'supplier32@mail.com','Supplier 32',to_timestamp('01/04/26 13:50:48,000000000','DD/MM/RR HH24:MI:SSXFF'));
Insert into SMARTSTOCK.SUPPLIERS (ID,ADDRESS,CATEGORY,CREATED_AT,EMAIL,NAME,UPDATED_AT) values ('53','Address 33','Hardware',to_timestamp('01/04/26 13:50:48,000000000','DD/MM/RR HH24:MI:SSXFF'),'supplier33@mail.com','Supplier 33',to_timestamp('01/04/26 13:50:48,000000000','DD/MM/RR HH24:MI:SSXFF'));
Insert into SMARTSTOCK.SUPPLIERS (ID,ADDRESS,CATEGORY,CREATED_AT,EMAIL,NAME,UPDATED_AT) values ('54','Address 34','Office',to_timestamp('01/04/26 13:50:48,000000000','DD/MM/RR HH24:MI:SSXFF'),'supplier34@mail.com','Supplier 34',to_timestamp('01/04/26 13:50:48,000000000','DD/MM/RR HH24:MI:SSXFF'));
Insert into SMARTSTOCK.SUPPLIERS (ID,ADDRESS,CATEGORY,CREATED_AT,EMAIL,NAME,UPDATED_AT) values ('55','Address 35','Industrial',to_timestamp('01/04/26 13:50:48,000000000','DD/MM/RR HH24:MI:SSXFF'),'supplier35@mail.com','Supplier 35',to_timestamp('01/04/26 13:50:48,000000000','DD/MM/RR HH24:MI:SSXFF'));
Insert into SMARTSTOCK.SUPPLIERS (ID,ADDRESS,CATEGORY,CREATED_AT,EMAIL,NAME,UPDATED_AT) values ('56','Address 36','Electronics',to_timestamp('01/04/26 13:50:48,000000000','DD/MM/RR HH24:MI:SSXFF'),'supplier36@mail.com','Supplier 36',to_timestamp('01/04/26 13:50:48,000000000','DD/MM/RR HH24:MI:SSXFF'));
Insert into SMARTSTOCK.SUPPLIERS (ID,ADDRESS,CATEGORY,CREATED_AT,EMAIL,NAME,UPDATED_AT) values ('57','Address 37','Hardware',to_timestamp('01/04/26 13:50:48,000000000','DD/MM/RR HH24:MI:SSXFF'),'supplier37@mail.com','Supplier 37',to_timestamp('01/04/26 13:50:48,000000000','DD/MM/RR HH24:MI:SSXFF'));
Insert into SMARTSTOCK.SUPPLIERS (ID,ADDRESS,CATEGORY,CREATED_AT,EMAIL,NAME,UPDATED_AT) values ('58','Address 38','Office',to_timestamp('01/04/26 13:50:48,000000000','DD/MM/RR HH24:MI:SSXFF'),'supplier38@mail.com','Supplier 38',to_timestamp('01/04/26 13:50:48,000000000','DD/MM/RR HH24:MI:SSXFF'));
Insert into SMARTSTOCK.SUPPLIERS (ID,ADDRESS,CATEGORY,CREATED_AT,EMAIL,NAME,UPDATED_AT) values ('59','Address 39','Industrial',to_timestamp('01/04/26 13:50:48,000000000','DD/MM/RR HH24:MI:SSXFF'),'supplier39@mail.com','Supplier 39',to_timestamp('01/04/26 13:50:48,000000000','DD/MM/RR HH24:MI:SSXFF'));
Insert into SMARTSTOCK.SUPPLIERS (ID,ADDRESS,CATEGORY,CREATED_AT,EMAIL,NAME,UPDATED_AT) values ('60','Address 40','Electronics',to_timestamp('01/04/26 13:50:48,000000000','DD/MM/RR HH24:MI:SSXFF'),'supplier40@mail.com','Supplier 40',to_timestamp('01/04/26 13:50:48,000000000','DD/MM/RR HH24:MI:SSXFF'));
Insert into SMARTSTOCK.SUPPLIERS (ID,ADDRESS,CATEGORY,CREATED_AT,EMAIL,NAME,UPDATED_AT) values ('61','Address 41','Hardware',to_timestamp('01/04/26 13:50:48,000000000','DD/MM/RR HH24:MI:SSXFF'),'supplier41@mail.com','Supplier 41',to_timestamp('01/04/26 13:50:48,000000000','DD/MM/RR HH24:MI:SSXFF'));
Insert into SMARTSTOCK.SUPPLIERS (ID,ADDRESS,CATEGORY,CREATED_AT,EMAIL,NAME,UPDATED_AT) values ('62','Address 42','Office',to_timestamp('01/04/26 13:50:48,000000000','DD/MM/RR HH24:MI:SSXFF'),'supplier42@mail.com','Supplier 42',to_timestamp('01/04/26 13:50:48,000000000','DD/MM/RR HH24:MI:SSXFF'));
Insert into SMARTSTOCK.SUPPLIERS (ID,ADDRESS,CATEGORY,CREATED_AT,EMAIL,NAME,UPDATED_AT) values ('63','Address 43','Industrial',to_timestamp('01/04/26 13:50:48,000000000','DD/MM/RR HH24:MI:SSXFF'),'supplier43@mail.com','Supplier 43',to_timestamp('01/04/26 13:50:48,000000000','DD/MM/RR HH24:MI:SSXFF'));
Insert into SMARTSTOCK.SUPPLIERS (ID,ADDRESS,CATEGORY,CREATED_AT,EMAIL,NAME,UPDATED_AT) values ('64','Address 44','Electronics',to_timestamp('01/04/26 13:50:48,000000000','DD/MM/RR HH24:MI:SSXFF'),'supplier44@mail.com','Supplier 44',to_timestamp('01/04/26 13:50:48,000000000','DD/MM/RR HH24:MI:SSXFF'));
Insert into SMARTSTOCK.SUPPLIERS (ID,ADDRESS,CATEGORY,CREATED_AT,EMAIL,NAME,UPDATED_AT) values ('65','Address 45','Hardware',to_timestamp('01/04/26 13:50:48,000000000','DD/MM/RR HH24:MI:SSXFF'),'supplier45@mail.com','Supplier 45',to_timestamp('01/04/26 13:50:48,000000000','DD/MM/RR HH24:MI:SSXFF'));
Insert into SMARTSTOCK.SUPPLIERS (ID,ADDRESS,CATEGORY,CREATED_AT,EMAIL,NAME,UPDATED_AT) values ('66','Address 46','Office',to_timestamp('01/04/26 13:50:48,000000000','DD/MM/RR HH24:MI:SSXFF'),'supplier46@mail.com','Supplier 46',to_timestamp('01/04/26 13:50:48,000000000','DD/MM/RR HH24:MI:SSXFF'));
Insert into SMARTSTOCK.SUPPLIERS (ID,ADDRESS,CATEGORY,CREATED_AT,EMAIL,NAME,UPDATED_AT) values ('67','Address 47','Industrial',to_timestamp('01/04/26 13:50:48,000000000','DD/MM/RR HH24:MI:SSXFF'),'supplier47@mail.com','Supplier 47',to_timestamp('01/04/26 13:50:48,000000000','DD/MM/RR HH24:MI:SSXFF'));
Insert into SMARTSTOCK.SUPPLIERS (ID,ADDRESS,CATEGORY,CREATED_AT,EMAIL,NAME,UPDATED_AT) values ('68','Address 48','Electronics',to_timestamp('01/04/26 13:50:48,000000000','DD/MM/RR HH24:MI:SSXFF'),'supplier48@mail.com','Supplier 48',to_timestamp('01/04/26 13:50:48,000000000','DD/MM/RR HH24:MI:SSXFF'));
Insert into SMARTSTOCK.SUPPLIERS (ID,ADDRESS,CATEGORY,CREATED_AT,EMAIL,NAME,UPDATED_AT) values ('69','Address 49','Hardware',to_timestamp('01/04/26 13:50:48,000000000','DD/MM/RR HH24:MI:SSXFF'),'supplier49@mail.com','Supplier 49',to_timestamp('01/04/26 13:50:48,000000000','DD/MM/RR HH24:MI:SSXFF'));
Insert into SMARTSTOCK.SUPPLIERS (ID,ADDRESS,CATEGORY,CREATED_AT,EMAIL,NAME,UPDATED_AT) values ('70','Address 50','Office',to_timestamp('01/04/26 13:50:48,000000000','DD/MM/RR HH24:MI:SSXFF'),'supplier50@mail.com','Supplier 50',to_timestamp('01/04/26 13:50:48,000000000','DD/MM/RR HH24:MI:SSXFF'));
Insert into SMARTSTOCK.SUPPLIERS (ID,ADDRESS,CATEGORY,CREATED_AT,EMAIL,NAME,UPDATED_AT) values ('1','45 Industrial Blvd, NY','Electronics',to_timestamp('01/04/26 01:23:51,000000000','DD/MM/RR HH24:MI:SSXFF'),'sales@techsupplies.com','Tech Supplies Inc.',to_timestamp('01/04/26 01:23:51,000000000','DD/MM/RR HH24:MI:SSXFF'));
Insert into SMARTSTOCK.SUPPLIERS (ID,ADDRESS,CATEGORY,CREATED_AT,EMAIL,NAME,UPDATED_AT) values ('81','Los Angeles','Electronics',to_timestamp('06/04/26 16:33:22,041264000','DD/MM/RR HH24:MI:SSXFF'),'haddouanas16@gmail.com','Anas haddou',to_timestamp('06/04/26 16:33:22,041264000','DD/MM/RR HH24:MI:SSXFF'));
--------------------------------------------------------
--  DDL for Index UK_HB6J788PAU58NXV40T0PU2D5B
--------------------------------------------------------

  CREATE UNIQUE INDEX "SMARTSTOCK"."UK_HB6J788PAU58NXV40T0PU2D5B" ON "SMARTSTOCK"."SUPPLIERS" ("EMAIL") 
  PCTFREE 10 INITRANS 2 MAXTRANS 255 COMPUTE STATISTICS 
  STORAGE(INITIAL 65536 NEXT 1048576 MINEXTENTS 1 MAXEXTENTS 2147483645
  PCTINCREASE 0 FREELISTS 1 FREELIST GROUPS 1
  BUFFER_POOL DEFAULT FLASH_CACHE DEFAULT CELL_FLASH_CACHE DEFAULT)
  TABLESPACE "USERS" ;
--------------------------------------------------------
--  Constraints for Table PRODUCTS
--------------------------------------------------------

  ALTER TABLE "SMARTSTOCK"."PRODUCTS" MODIFY ("ID" NOT NULL ENABLE);
  ALTER TABLE "SMARTSTOCK"."PRODUCTS" MODIFY ("ALERT_THRESHOLD" NOT NULL ENABLE);
  ALTER TABLE "SMARTSTOCK"."PRODUCTS" MODIFY ("LABEL" NOT NULL ENABLE);
  ALTER TABLE "SMARTSTOCK"."PRODUCTS" MODIFY ("STOCK_QUANTITY" NOT NULL ENABLE);
  ALTER TABLE "SMARTSTOCK"."PRODUCTS" MODIFY ("UNIT_PRICE" NOT NULL ENABLE);
  ALTER TABLE "SMARTSTOCK"."PRODUCTS" ADD PRIMARY KEY ("ID")
  USING INDEX PCTFREE 10 INITRANS 2 MAXTRANS 255 COMPUTE STATISTICS 
  STORAGE(INITIAL 65536 NEXT 1048576 MINEXTENTS 1 MAXEXTENTS 2147483645
  PCTINCREASE 0 FREELISTS 1 FREELIST GROUPS 1
  BUFFER_POOL DEFAULT FLASH_CACHE DEFAULT CELL_FLASH_CACHE DEFAULT)
  TABLESPACE "USERS"  ENABLE;
--------------------------------------------------------
--  Constraints for Table SUPPLIERS
--------------------------------------------------------

  ALTER TABLE "SMARTSTOCK"."SUPPLIERS" MODIFY ("ID" NOT NULL ENABLE);
  ALTER TABLE "SMARTSTOCK"."SUPPLIERS" MODIFY ("EMAIL" NOT NULL ENABLE);
  ALTER TABLE "SMARTSTOCK"."SUPPLIERS" MODIFY ("NAME" NOT NULL ENABLE);
  ALTER TABLE "SMARTSTOCK"."SUPPLIERS" ADD PRIMARY KEY ("ID")
  USING INDEX PCTFREE 10 INITRANS 2 MAXTRANS 255 COMPUTE STATISTICS 
  STORAGE(INITIAL 65536 NEXT 1048576 MINEXTENTS 1 MAXEXTENTS 2147483645
  PCTINCREASE 0 FREELISTS 1 FREELIST GROUPS 1
  BUFFER_POOL DEFAULT FLASH_CACHE DEFAULT CELL_FLASH_CACHE DEFAULT)
  TABLESPACE "USERS"  ENABLE;
  ALTER TABLE "SMARTSTOCK"."SUPPLIERS" ADD CONSTRAINT "UK_HB6J788PAU58NXV40T0PU2D5B" UNIQUE ("EMAIL")
  USING INDEX PCTFREE 10 INITRANS 2 MAXTRANS 255 COMPUTE STATISTICS 
  STORAGE(INITIAL 65536 NEXT 1048576 MINEXTENTS 1 MAXEXTENTS 2147483645
  PCTINCREASE 0 FREELISTS 1 FREELIST GROUPS 1
  BUFFER_POOL DEFAULT FLASH_CACHE DEFAULT CELL_FLASH_CACHE DEFAULT)
  TABLESPACE "USERS"  ENABLE;
--------------------------------------------------------
--  Constraints for Table GLOBAL_SETTINGS
--------------------------------------------------------

  ALTER TABLE "SMARTSTOCK"."GLOBAL_SETTINGS" MODIFY ("SETTING_KEY" NOT NULL ENABLE);
  ALTER TABLE "SMARTSTOCK"."GLOBAL_SETTINGS" MODIFY ("SETTING_VALUE" NOT NULL ENABLE);
  ALTER TABLE "SMARTSTOCK"."GLOBAL_SETTINGS" ADD PRIMARY KEY ("SETTING_KEY")
  USING INDEX PCTFREE 10 INITRANS 2 MAXTRANS 255 COMPUTE STATISTICS 
  STORAGE(INITIAL 65536 NEXT 1048576 MINEXTENTS 1 MAXEXTENTS 2147483645
  PCTINCREASE 0 FREELISTS 1 FREELIST GROUPS 1
  BUFFER_POOL DEFAULT FLASH_CACHE DEFAULT CELL_FLASH_CACHE DEFAULT)
  TABLESPACE "USERS"  ENABLE;
--------------------------------------------------------
--  Ref Constraints for Table PRODUCTS
--------------------------------------------------------

  ALTER TABLE "SMARTSTOCK"."PRODUCTS" ADD CONSTRAINT "FKB7PHCHTJC0AK72WLKHKQLBTOF" FOREIGN KEY ("SUPPLIER_ID")
	  REFERENCES "SMARTSTOCK"."SUPPLIERS" ("ID") ENABLE;
